{"cameraMode":{"drawMode":0,"name":"Shaded","section":"Shading Mode"},"sceneLighting":true,"audioPlay":false,"sceneViewState":{"m_AlwaysRefresh":false,"showFog":true,"showSkybox":true,"showFlares":true,"showImageEffects":true,"showParticleSystems":true,"showVisualEffectGraphs":true,"m_FxEnabled":true},"in2DMode":false,"pivot":{"x":-1.2253758907318116,"y":-0.4504704475402832,"z":-2.0672378540039064},"rotation":{"x":-0.003083359682932496,"y":0.9722426533699036,"z":-0.2336105853319168,"w":-0.01283374521881342},"size":6.195989608764648,"orthographic":false}