{"cameraMode":{"drawMode":0,"name":"Shaded","section":"Shading Mode"},"sceneLighting":false,"audioPlay":false,"sceneViewState":{"m_AlwaysRefresh":false,"showFog":true,"showSkybox":false,"showFlares":true,"showImageEffects":true,"showParticleSystems":true,"showVisualEffectGraphs":true,"m_FxEnabled":true},"in2DMode":false,"pivot":{"x":-0.025000005960464479,"y":0.44999998807907107,"z":0.04999997466802597},"rotation":{"x":-0.013456134125590325,"y":0.981499969959259,"z":-0.07523190230131149,"w":-0.17556282877922059},"size":0.5702673196792603,"orthographic":false}